experiment,sample_size,train_size,test_size,features_used,accuracy,precision,recall,f1_score,roc_auc,avg_precision,config_name,description,confusion_matrix
With CEA Features,1069,855,214,44,0.9719626168224299,0.9245283018867925,0.9607843137254902,0.9423076923076923,0.9921809214483339,0.9820693396144875,with_cea,Full model including CEA features,
Without CEA Features,1069,855,214,43,0.9672897196261683,0.9074074074074074,0.9607843137254902,0.9333333333333333,0.991699747383616,0.9804681149626217,without_cea,Model without any CEA features,"[[158, 5], [2, 49]]"
