experiment,sample_size,train_size,test_size,features_used,accuracy,precision,recall,f1_score,roc_auc,avg_precision,config_name,description,confusion_matrix
With CEA Features,152,121,31,44,0.8064516129032258,0.7647058823529411,0.8666666666666667,0.8125,0.8583333333333334,0.826570435641643,with_cea,Full model including CEA features,
Without CEA Features,152,121,31,43,0.8387096774193549,0.7777777777777778,0.9333333333333333,0.8484848484848485,0.8729166666666667,0.8557637732637733,without_cea,Model without any CEA features,"[[12, 4], [1, 14]]"
