experiment,sample_size,train_size,test_size,features_used,accuracy,precision,recall,f1_score,roc_auc,avg_precision,config_name,description,confusion_matrix
With CEA Features,1047,837,210,34,0.9619047619047619,0.9387755102040817,0.9019607843137255,0.92,0.9907510173880874,0.9722225815366832,with_cea,Full model including CEA features,
Without CEA Features,1047,837,210,33,0.9285714285714286,0.8333333333333334,0.8823529411764706,0.8571428571428571,0.9830435318781601,0.9544487876358544,without_cea,Model without any CEA features,"[[150, 9], [6, 45]]"
