experiment,sample_size,train_size,test_size,features_used,accuracy,precision,recall,f1_score,roc_auc,avg_precision,config_name,description,imputation_method,confusion_matrix
MICE+PMM (Current),1047,837,210,34,0.8809523809523809,0.696969696969697,0.9019607843137255,0.7863247863247863,0.9457393020101122,0.8482689701238422,mice_pmm,Multiple Imputation by Chained Equations with Predictive Mean Matching,mice,
Mean Imputation,1047,837,210,34,0.8904761904761904,0.7333333333333333,0.8627450980392157,0.7927927927927928,0.9438895054877297,0.8292035591920818,mean,Replace missing CEA with mean of observed values,mean,"[[143, 16], [7, 44]]"
Median Imputation,1047,837,210,34,0.8904761904761904,0.7333333333333333,0.8627450980392157,0.7927927927927928,0.9414231101245529,0.832061315897856,median,Replace missing CEA with median of observed values,median,"[[143, 16], [7, 44]]"
Zero Imputation,1047,837,210,34,0.8904761904761904,0.7333333333333333,0.8627450980392157,0.7927927927927928,0.9416697496608706,0.8314945319391264,zero,Replace missing CEA with zero (conservative lower bound),zero,"[[143, 16], [7, 44]]"
Complete Case (Observed Only),62,49,13,22,0.7692307692307693,1.0,0.5,0.6666666666666666,1.0,1.0,complete_case,Use only patients with observed CEA values (n=34),complete_case,"[[7, 0], [3, 3]]"
