experiment,sample_size,train_size,test_size,features_used,accuracy,precision,recall,f1_score,roc_auc,avg_precision,config_name,description,confusion_matrix
With CEA Features,149,119,30,33,0.6666666666666666,0.6923076923076923,0.6,0.6428571428571429,0.8177777777777777,0.792183883654472,with_cea,Full model including CEA features,
Without CEA Features,149,119,30,32,0.7333333333333333,0.7692307692307693,0.6666666666666666,0.7142857142857143,0.8222222222222222,0.7796287964937851,without_cea,Model without any CEA features,"[[12, 3], [5, 10]]"
