experiment,sample_size,train_size,test_size,features_used,accuracy,precision,recall,f1_score,roc_auc,avg_precision,config_name,description,confusion_matrix
With CEA Features,1047,837,210,34,0.8809523809523809,0.696969696969697,0.9019607843137255,0.7863247863247863,0.9457393020101122,0.8482689701238422,with_cea,Full model including CEA features,
Without CEA Features,1047,837,210,33,0.8904761904761904,0.7333333333333333,0.8627450980392157,0.7927927927927928,0.9408065112837588,0.8323155752715387,without_cea,Model without any CEA features,"[[143, 16], [7, 44]]"
