experiment,sample_size,train_size,test_size,features_used,accuracy,precision,recall,f1_score,roc_auc,avg_precision,config_name,description,confusion_matrix
With CEA Features,1069,855,214,44,0.9158878504672897,0.7619047619047619,0.9411764705882353,0.8421052631578947,0.9824371466377961,0.9542157162382285,with_cea,Full model including CEA features,
Without CEA Features,1069,855,214,43,0.9158878504672897,0.7619047619047619,0.9411764705882353,0.8421052631578947,0.9832792012510526,0.9543621290543283,without_cea,Model without any CEA features,"[[148, 15], [3, 48]]"
