experiment,sample_size,train_size,test_size,features_used,accuracy,precision,recall,f1_score,roc_auc,avg_precision,config_name,description,imputation_method,confusion_matrix
MICE+PMM (Current),1047,837,210,34,0.9285714285714286,0.86,0.8431372549019608,0.8514851485148515,0.9675669009742262,0.9189531559818709,mice_pmm,Multiple Imputation by Chained Equations with Predictive Mean Matching,mice,
Mean Imputation,1047,837,210,34,0.9380952380952381,0.8653846153846154,0.8823529411764706,0.8737864077669902,0.9605376741891725,0.918619716909441,mean,Replace missing CEA with mean of observed values,mean,"[[152, 7], [6, 45]]"
Median Imputation,1047,837,210,34,0.9333333333333333,0.8627450980392157,0.8627450980392157,0.8627450980392157,0.9605376741891725,0.918790760804862,median,Replace missing CEA with median of observed values,median,"[[152, 7], [7, 44]]"
Zero Imputation,1047,837,210,34,0.9333333333333333,0.8627450980392157,0.8627450980392157,0.8627450980392157,0.9609076334936489,0.9164015995503365,zero,Replace missing CEA with zero (conservative lower bound),zero,"[[152, 7], [7, 44]]"
Complete Case (Observed Only),62,49,13,22,0.6923076923076923,0.6666666666666666,0.6666666666666666,0.6666666666666666,0.9047619047619048,0.9107142857142857,complete_case,Use only patients with observed CEA values (n=34),complete_case,"[[5, 2], [2, 4]]"
