experiment,sample_size,train_size,test_size,features_used,accuracy,precision,recall,f1_score,roc_auc,avg_precision,config_name,description,confusion_matrix
With CEA Features,149,119,30,33,0.8333333333333334,0.9166666666666666,0.7333333333333333,0.8148148148148148,0.9155555555555557,0.9067882392804992,with_cea,Full model including CEA features,
Without CEA Features,149,119,30,32,0.7333333333333333,0.7692307692307693,0.6666666666666666,0.7142857142857143,0.8933333333333334,0.8848024472947074,without_cea,Model without any CEA features,"[[12, 3], [5, 10]]"
