experiment,sample_size,train_size,test_size,features_used,accuracy,precision,recall,f1_score,roc_auc,avg_precision,config_name,description,imputation_method,confusion_matrix
MICE+PMM (Current),1069,855,214,44,0.9345794392523364,0.8032786885245902,0.9607843137254902,0.875,0.9871285937687959,0.9742475872603295,mice_pmm,Multiple Imputation by Chained Equations with Predictive Mean Matching,mice,
Mean Imputation,1069,855,214,44,0.9252336448598131,0.7777777777777778,0.9607843137254902,0.8596491228070176,0.9853241910261037,0.9695622612726013,mean,Replace missing CEA with mean of observed values,mean,"[[149, 14], [2, 49]]"
Median Imputation,1069,855,214,44,0.9345794392523364,0.8032786885245902,0.9607843137254902,0.875,0.9865271261878985,0.9726835997735244,median,Replace missing CEA with median of observed values,median,"[[151, 12], [2, 49]]"
Zero Imputation,1069,855,214,44,0.9345794392523364,0.8032786885245902,0.9607843137254902,0.875,0.9856850715746421,0.9708570587701606,zero,Replace missing CEA with zero (conservative lower bound),zero,"[[151, 12], [2, 49]]"
Complete Case (Observed Only),149,119,30,34,0.9,0.9473684210526315,0.9,0.9230769230769231,0.9750000000000001,0.9867685144233133,complete_case,Use only patients with observed CEA values (n=34),complete_case,"[[9, 1], [2, 18]]"
