experiment,sample_size,train_size,test_size,features_used,accuracy,precision,recall,f1_score,roc_auc,avg_precision,config_name,description,confusion_matrix
With CEA Features,1047,837,210,34,0.9285714285714286,0.86,0.8431372549019608,0.8514851485148515,0.9675669009742262,0.9189531559818709,with_cea,Full model including CEA features,
Without CEA Features,1047,837,210,33,0.9238095238095239,0.8571428571428571,0.8235294117647058,0.84,0.9675052410901467,0.9303553903663769,without_cea,Model without any CEA features,"[[152, 7], [9, 42]]"
