experiment,sample_size,train_size,test_size,features_used,accuracy,precision,recall,f1_score,roc_auc,avg_precision,config_name,description,confusion_matrix
With CEA Features,1069,855,214,44,0.9158878504672897,0.7796610169491526,0.9019607843137255,0.8363636363636363,0.974858655118489,0.9278641896072323,with_cea,Full model including CEA features,
Without CEA Features,1069,855,214,43,0.9439252336448598,0.8305084745762712,0.9607843137254902,0.8909090909090909,0.9787080476362323,0.9335406550326636,without_cea,Model without any CEA features,"[[153, 10], [2, 49]]"
