experiment,sample_size,train_size,test_size,features_used,accuracy,precision,recall,f1_score,roc_auc,avg_precision,config_name,description,confusion_matrix
With CEA Features,149,119,30,33,0.7666666666666667,0.8333333333333334,0.6666666666666666,0.7407407407407407,0.8711111111111112,0.8659250788198156,with_cea,Full model including CEA features,
Without CEA Features,149,119,30,32,0.7666666666666667,0.8333333333333334,0.6666666666666666,0.7407407407407407,0.8577777777777779,0.847129918012271,without_cea,Model without any CEA features,"[[13, 2], [5, 10]]"
