experiment,sample_size,train_size,test_size,features_used,accuracy,precision,recall,f1_score,roc_auc,avg_precision,config_name,description,imputation_method,confusion_matrix
MICE+PMM (Current),1069,855,214,44,0.9158878504672897,0.7796610169491526,0.9019607843137255,0.8363636363636363,0.974858655118489,0.9278641896072323,mice_pmm,Multiple Imputation by Chained Equations with Predictive Mean Matching,mice,
Mean Imputation,1069,855,214,44,0.9392523364485982,0.8166666666666667,0.9607843137254902,0.8828828828828829,0.9750992421508481,0.9488233746144726,mean,Replace missing CEA with mean of observed values,mean,"[[152, 11], [2, 49]]"
Median Imputation,1069,855,214,44,0.9439252336448598,0.8305084745762712,0.9607843137254902,0.8909090909090909,0.9719716107301816,0.9368797415345728,median,Replace missing CEA with median of observed values,median,"[[153, 10], [2, 49]]"
Zero Imputation,1069,855,214,44,0.9345794392523364,0.8245614035087719,0.9215686274509803,0.8703703703703703,0.967520750631541,0.9249458261382839,zero,Replace missing CEA with zero (conservative lower bound),zero,"[[153, 10], [4, 47]]"
Complete Case (Observed Only),149,119,30,34,0.9666666666666667,1.0,0.95,0.9743589743589743,0.95,0.9833333333333334,complete_case,Use only patients with observed CEA values (n=34),complete_case,"[[10, 0], [1, 19]]"
