experiment,sample_size,train_size,test_size,features_used,accuracy,precision,recall,f1_score,roc_auc,avg_precision,config_name,description,confusion_matrix
With CEA Features,1047,837,210,34,0.8571428571428571,0.6842105263157895,0.7647058823529411,0.7222222222222222,0.9066469355037613,0.7645861785831165,with_cea,Full model including CEA features,
Without CEA Features,1047,837,210,33,0.8952380952380953,0.7735849056603774,0.803921568627451,0.7884615384615384,0.906893575040079,0.7586492206152843,without_cea,Model without any CEA features,"[[147, 12], [10, 41]]"
