experiment,sample_size,train_size,test_size,features_used,accuracy,precision,recall,f1_score,roc_auc,avg_precision,config_name,description,imputation_method,confusion_matrix
MICE+PMM (Current),149,119,30,33,0.7666666666666667,0.8333333333333334,0.6666666666666666,0.7407407407407407,0.8711111111111112,0.8659250788198156,mice_pmm,Multiple Imputation by Chained Equations with Predictive Mean Matching,mice,
Mean Imputation,149,119,30,33,0.8333333333333334,0.9166666666666666,0.7333333333333333,0.8148148148148148,0.8311111111111111,0.8566008257387568,mean,Replace missing CEA with mean of observed values,mean,"[[14, 1], [4, 11]]"
Median Imputation,149,119,30,33,0.7333333333333333,0.8181818181818182,0.6,0.6923076923076923,0.7955555555555556,0.7702923002923003,median,Replace missing CEA with median of observed values,median,"[[13, 2], [6, 9]]"
Zero Imputation,149,119,30,33,0.7333333333333333,0.8181818181818182,0.6,0.6923076923076923,0.76,0.7931796968463636,zero,Replace missing CEA with zero (conservative lower bound),zero,"[[13, 2], [6, 9]]"
Complete Case (Observed Only),12,9,3,21,0.3333333333333333,0.5,0.5,0.5,0.0,0.5833333333333333,complete_case,Use only patients with observed CEA values (n=34),complete_case,"[[0, 1], [1, 1]]"
