experiment,sample_size,train_size,test_size,features_used,accuracy,precision,recall,f1_score,roc_auc,avg_precision,config_name,description,confusion_matrix
With CEA Features,1047,837,210,34,0.8904761904761904,0.7,0.9607843137254902,0.8099173553719008,0.9794055987174745,0.9392595408047267,with_cea,Full model including CEA features,
Without CEA Features,1047,837,210,33,0.8761904761904762,0.676056338028169,0.9411764705882353,0.7868852459016393,0.9680601800468615,0.9042132818505464,without_cea,Model without any CEA features,"[[136, 23], [3, 48]]"
