experiment,sample_size,train_size,test_size,features_used,accuracy,precision,recall,f1_score,roc_auc,avg_precision,config_name,description,imputation_method,confusion_matrix
MICE+PMM (Current),1047,837,210,34,0.8904761904761904,0.7,0.9607843137254902,0.8099173553719008,0.9794055987174745,0.9392595408047267,mice_pmm,Multiple Imputation by Chained Equations with Predictive Mean Matching,mice,
Mean Imputation,1047,837,210,34,0.8809523809523809,0.696969696969697,0.9019607843137255,0.7863247863247863,0.9715131335553089,0.9197634307813,mean,Replace missing CEA with mean of observed values,mean,"[[139, 20], [5, 46]]"
Median Imputation,1047,837,210,34,0.8952380952380953,0.7301587301587301,0.9019607843137255,0.8070175438596491,0.9743494882229621,0.9304004422386494,median,Replace missing CEA with median of observed values,median,"[[142, 17], [5, 46]]"
Zero Imputation,1047,837,210,34,0.8952380952380953,0.7301587301587301,0.9019607843137255,0.8070175438596491,0.9757060056727093,0.9307281597755501,zero,Replace missing CEA with zero (conservative lower bound),zero,"[[142, 17], [5, 46]]"
Complete Case (Observed Only),62,49,13,22,0.8461538461538461,0.75,1.0,0.8571428571428571,1.0,1.0,complete_case,Use only patients with observed CEA values (n=34),complete_case,"[[5, 2], [0, 6]]"
