{
  "total_studies": 10,
  "total_patients": 149,
  "study_patient_counts": {
    "European Journal of Endocrinology (2006)": 46,
    "JCEM (2010) RET S891A MEN2A Spectrum": 36,
    "Thyroid Journal (2016)": 24,
    "Oncotarget (2015) RET S891A FMTC": 15,
    "Indian Journal of Cancer (2021) RET S891A Family": 7,
    "Clinics and Practice (2024) RET C634G Kindred": 6,
    "Journal of Biosciences (2014) RET S891A Chinese FMTC Family": 6,
    "Endocrinol. Diabetes Metab. Case Reports (2024) RET K666N": 4,
    "World Journal of Clinical Cases (2024) RET C634Y Family": 3,
    "Int. J. Pediatr. Endocrinol. (2012) Familial MEN2B Infant": 2
  },
  "ret_variant_counts": {
    "S891A": 59,
    "K666N": 28,
    "C634Y": 17,
    "C634R": 9,
    "R525W": 7,
    "C634G": 6,
    "C630R": 5,
    "C634W": 4,
    "L790F": 4,
    "V804M": 2,
    "Y791F": 2,
    "C618S": 2,
    "C620Y": 2,
    "M918T": 2
  },
  "gender_counts": {
    "female": 99,
    "male": 50
  },
  "mtc_cases_total": 73,
  "c_cell_disease_cases": 84,
  "men2_cases": 110,
  "pheochromocytoma_cases": 9,
  "hyperparathyroidism_cases": 5,
  "calcitonin_elevated_rate": 0.38926174496644295,
  "thyroid_nodules_rate": 0.06711409395973154,
  "mtc_diagnosis_ages": [
    0.17,
    6.0,
    9.0,
    13.0,
    16.0,
    17.0,
    17.0,
    24.0,
    25.0,
    25.0,
    27.0,
    29.0,
    30.0,
    30.0,
    31.0,
    31.5,
    31.5,
    31.5,
    31.5,
    31.5,
    32.0,
    33.0,
    34.0,
    34.0,
    34.0,
    35.0,
    36.0,
    38.0,
    40.0,
    40.0,
    40.0,
    40.0,
    41.0,
    41.0,
    42.0,
    42.0,
    43.0,
    43.0,
    44.0,
    44.0,
    44.0,
    46.0,
    46.0,
    46.0,
    47.0,
    47.0,
    49.0,
    49.0,
    51.0,
    52.0,
    53.0,
    54.0,
    55.0,
    55.0,
    55.0,
    56.0,
    59.0,
    59.0,
    60.0,
    60.0,
    60.0,
    61.0,
    61.0,
    62.0,
    64.0,
    65.0,
    65.0,
    65.0,
    69.0,
    70.0,
    78.0,
    80.0,
    85.0
  ],
  "age_summary": {
    "mean": 34.266241610738255,
    "median": 31.5,
    "min": 0.17,
    "max": 90.0
  }
}