{
  "total_studies": 23,
  "total_patients": 196,
  "study_patient_counts": {
    "European Journal of Endocrinology (2006)": 46,
    "JCEM (2010) RET S891A MEN2A Spectrum": 36,
    "Thyroid Journal (2016)": 24,
    "JCEM (2022) ctDNA Cohort": 21,
    "Oncotarget (2015) RET S891A FMTC": 15,
    "Indian Journal of Cancer (2021) RET S891A Family": 7,
    "JCEM (2018) Homozygous RET K666N": 6,
    "Clinics and Practice (2024) RET C634G Kindred": 6,
    "Journal of Biosciences (2014) RET S891A Chinese FMTC Family": 6,
    "JCEM Case Reports (2025)": 4,
    "Laryngoscope (2021) MEN2A Penetrance": 4,
    "Endocrinol. Diabetes Metab. Case Reports (2024) RET K666N": 4,
    "World Journal of Clinical Cases (2024) RET C634Y Family": 3,
    "Surgery Today (2014) RET S891A Pheo": 2,
    "Genes (2022) RET c.1901G>A Family": 2,
    "Int. J. Pediatr. Endocrinol. (2012) Familial MEN2B Infant": 2,
    "Annals of Medicine & Surgery (2025) RET C634R Case": 2,
    "JCEM (2016) RET Exon 7 Deletion": 1,
    "BMC Pediatrics (2020) MEN2B Case": 1,
    "Case Reports in Medicine (2012) MEN2B": 1,
    "Annales d'Endocrinologie (2015) RET Y791F": 1,
    "AJCR (2022) Calcitonin-Negative MTC": 1,
    "Case Reports in Endocrinology (2020) RET Exon 11 delins": 1
  },
  "ret_variant_counts": {
    "S891A": 61,
    "K666N": 42,
    "C634Y": 20,
    "C634R": 12,
    "M918T": 11,
    "R525W": 7,
    "C634G": 6,
    "C630R": 6,
    "C634W": 5,
    "L790F": 4,
    "Y791F": 3,
    "V804M": 3,
    "C634S": 3,
    "C620Y": 2,
    "C618S": 2,
    "E505_G506del": 1,
    "E632_C634del": 1,
    "A883F": 1,
    "C620W": 1,
    "D898_E901del": 1,
    "V899_E902del": 1,
    "E632_L633del": 1,
    "C630G": 1,
    "D631_L633delinsE": 1
  },
  "gender_counts": {
    "female": 129,
    "male": 67
  },
  "mtc_cases_total": 104,
  "c_cell_disease_cases": 116,
  "men2_cases": 122,
  "pheochromocytoma_cases": 16,
  "hyperparathyroidism_cases": 9,
  "calcitonin_elevated_rate": 0.45408163265306123,
  "thyroid_nodules_rate": 0.07653061224489796,
  "mtc_diagnosis_ages": [
    0.17,
    6.0,
    7.0,
    9.0,
    12.0,
    13.0,
    16.0,
    17.0,
    17.0,
    18.0,
    24.0,
    25.0,
    25.0,
    25.0,
    27.0,
    27.6,
    28.0,
    29.0,
    30.0,
    30.0,
    30.2,
    31.0,
    32.0,
    32.8,
    33.0,
    34.0,
    34.0,
    34.0,
    34.0,
    34.5,
    34.5,
    34.5,
    34.5,
    34.5,
    35.0,
    35.4,
    36.0,
    36.0,
    37.0,
    38.0,
    38.0,
    39.0,
    40.0,
    40.0,
    40.0,
    40.0,
    40.0,
    40.6,
    41.0,
    41.0,
    42.0,
    42.0,
    43.0,
    43.0,
    43.2,
    44.0,
    44.0,
    44.0,
    45.8,
    46.0,
    46.0,
    46.0,
    47.0,
    47.0,
    48.4,
    49.0,
    49.0,
    51.0,
    51.0,
    52.0,
    53.0,
    53.6,
    54.0,
    55.0,
    55.0,
    55.0,
    56.0,
    56.2,
    58.8,
    59.0,
    59.0,
    60.0,
    60.0,
    60.0,
    60.0,
    61.0,
    61.0,
    61.4,
    62.0,
    64.0,
    64.0,
    65.0,
    65.0,
    65.0,
    66.6,
    69.0,
    69.2,
    70.0,
    71.8,
    74.4,
    77.0,
    78.0,
    80.0,
    85.0
  ],
  "age_summary": {
    "mean": 36.29933673469388,
    "median": 34.5,
    "min": 0.17,
    "max": 90.0
  }
}