{
  "total_studies": 14,
  "total_patients": 138,
  "study_patient_counts": {
    "JCEM Case Reports (2025)": 4,
    "Genes (2022) RET c.1901G>A Family": 2,
    "BMC Pediatrics (2020) MEN2B Case": 1,
    "Annales d'Endocrinologie (2015) RET Y791F": 1,
    "Surgery Today (2014) RET S891A Pheo": 2,
    "Annals of Surgery (2014) MEN2B Cohort": 9,
    "JCEM (2016) RET Exon 7 Deletion": 1,
    "Thyroid Journal (2016)": 24,
    "European Journal of Endocrinology (2006)": 46,
    "Laryngoscope (2021) MEN2A Penetrance": 4,
    "JCEM (2018) Homozygous RET K666N": 7,
    "Oncotarget (2015) RET S891A FMTC": 15,
    "AJCR (2022) Calcitonin-Negative MTC": 1,
    "JCEM (2022) ctDNA Cohort": 21
  },
  "ret_variant_counts": {
    "K666N": 39,
    "M918T": 17,
    "C634Y": 17,
    "S891A": 12,
    "C634R": 10,
    "R525W": 7,
    "C630R": 6,
    "C634W": 5,
    "L790F": 4,
    "V804M": 3,
    "C634S": 3,
    "Y791F": 3,
    "C620Y": 2,
    "C618S": 2,
    "E505_G506del": 1,
    "A883F": 1,
    "E632_C634del": 1,
    "D898_E901del": 1,
    "C620W": 1,
    "V899_E902del": 1,
    "E632_L633del": 1,
    "C630G": 1
  },
  "gender_counts": {
    "female": 92,
    "male": 46
  },
  "mtc_cases_total": 61,
  "c_cell_disease_cases": 67,
  "men2_cases": 63,
  "pheochromocytoma_cases": 7,
  "hyperparathyroidism_cases": 3,
  "calcitonin_elevated_rate": 0.4420289855072464,
  "thyroid_nodules_rate": 0.036231884057971016,
  "mtc_diagnosis_ages": [
    0.5,
    0.5,
    0.6,
    1.0,
    2.9,
    3.0,
    3.8,
    12.0,
    16.0,
    25.0,
    25.0,
    27.6,
    28.0,
    29.0,
    30.2,
    31.0,
    32.0,
    32.8,
    34.0,
    34.0,
    34.0,
    35.0,
    35.4,
    36.0,
    37.0,
    38.0,
    38.0,
    39.0,
    40.0,
    40.0,
    40.6,
    41.0,
    42.0,
    43.2,
    44.0,
    45.8,
    47.0,
    48.400000000000006,
    49.0,
    49.0,
    51.0,
    52.0,
    53.6,
    54.0,
    55.0,
    56.2,
    58.8,
    59.0,
    60.0,
    61.0,
    61.4,
    64.0,
    64.0,
    65.0,
    65.0,
    66.6,
    69.2,
    70.0,
    71.80000000000001,
    74.4,
    77.0
  ],
  "age_summary": {
    "mean": 34.266666666666666,
    "median": 31.5,
    "min": 0.5,
    "max": 90.0
  }
}